[
  { "name" : "ALABAMA", "abbreviation" : "AL", "_id" : "AL", "capital" : "Montgomery", "mostPopulousCity" : "Birmingham", "population" : 4708708, "squareMiles" : 52423, "timeZone1" : "CST (UTC-6)", "timeZone2" : "EST (UTC-5)", "dst" : "YES" },
  { "name" : "ALASKA", "abbreviation" : "AK", "_id" : "AK", "capital" : "Juneau", "mostPopulousCity" : "Anchorage", "population" : 698473, "squareMiles" : 656425, "timeZone1" : "AKST (UTC-09)", "timeZone2" : "HST (UTC-10)", "dst" : "YES" },
  { "name" : "ARIZONA", "abbreviation" : "AZ", "_id" : "AZ", "capital" : "Phoenix", "mostPopulousCity" : "Phoenix", "population" : 6595778, "squareMiles" : 114006, "timeZone1" : "MT (UTC-07)", "timeZone2" : "", "dst" : "NO" },
  { "name" : "ARKANSAS", "abbreviation" : "AR", "_id" : "AR", "capital" : "Little Rock", "mostPopulousCity" : "Little Rock", "population" : 2889450, "squareMiles" : 53182, "timeZone1" : "CST (UTC-6)", "timeZone2" : "", "dst" : "YES" },
  { "name" : "CALIFORNIA", "abbreviation" : "CA", "_id" : "CA", "capital" : "Sacramento", "mostPopulousCity" : "Los Angeles", "population" : 36961664, "squareMiles" : 163707, "timeZone1" : "PT (UTC-8)", "timeZone2" : "", "dst" : "YES" },
  { "name" : "COLORADO", "abbreviation" : "CO", "_id" : "CO", "capital" : "Denver", "mostPopulousCity" : "Denver", "population" : 5024748, "squareMiles" : 104100, "timeZone1" : "MT (UTC-07)", "timeZone2" : "", "dst" : "YES" },
  { "name" : "CONNECTICUT", "abbreviation" : "CT", "_id" : "CT", "capital" : "Hartford", "mostPopulousCity" : "Bridgeport", "population" : 3518288, "squareMiles" : 5544, "timeZone1" : "EST (UTC-5)", "timeZone2" : "", "dst" : "YES" },
  { "name" : "DELAWARE", "abbreviation" : "DE", "_id" : "DE", "capital" : "Dover", "mostPopulousCity" : "Wilmington", "population" : 885122, "squareMiles" : 1954, "timeZone1" : "EST (UTC-5)", "timeZone2" : "", "dst" : "YES" },
  { "name" : "FLORIDA", "abbreviation" : "FL", "_id" : "FL", "capital" : "Tallahassee", "mostPopulousCity" : "Jacksonville", "population" : 18537969, "squareMiles" : 65758, "timeZone1" : "EST (UTC-5)", "timeZone2" : "CST (UTC-6)", "dst" : "YES" },
  { "name" : "GEORGIA", "abbreviation" : "GA", "_id" : "GA", "capital" : "Atlanta", "mostPopulousCity" : "Atlanta", "population" : 9829211, "squareMiles" : 59441, "timeZone1" : "EST (UTC-5)", "timeZone2" : "", "dst" : "YES" },
  { "name" : "HAWAII", "abbreviation" : "HI", "_id" : "HI", "capital" : "Honolulu", "mostPopulousCity" : "Honolulu", "population" : 1295178, "squareMiles" : 10932, "timeZone1" : "HST (UTC-10)", "timeZone2" : "", "dst" : "NO" },
  { "name" : "IDAHO", "abbreviation" : "ID", "_id" : "ID", "capital" : "Boise", "mostPopulousCity" : "Boise", "population" : 1545801, "squareMiles" : 83574, "timeZone1" : "MT (UTC-07)", "timeZone2" : "PT (UTC-8)", "dst" : "YES" },
  { "name" : "ILLINOIS", "abbreviation" : "IL", "_id" : "IL", "capital" : "Springfield", "mostPopulousCity" : "Chicago", "population" : 12910409, "squareMiles" : 57918, "timeZone1" : "CST (UTC-6)", "timeZone2" : "", "dst" : "YES" },
  { "name" : "INDIANA", "abbreviation" : "IN", "_id" : "IN", "capital" : "Indianapolis", "mostPopulousCity" : "Indianapolis", "population" : 6423113, "squareMiles" : 36420, "timeZone1" : "EST (UTC-5)", "timeZone2" : "CST (UTC-6)", "dst" : "YES" },
  { "name" : "IOWA", "abbreviation" : "IA", "_id" : "IA", "capital" : "Des Moines", "mostPopulousCity" : "Des Moines", "population" : 3007856, "squareMiles" : 56276, "timeZone1" : "CST (UTC-6)", "timeZone2" : "", "dst" : "YES" },
  { "name" : "KANSAS", "abbreviation" : "KS", "_id" : "KS", "capital" : "Topeka", "mostPopulousCity" : "Wichita", "population" : 2818747, "squareMiles" : 82282, "timeZone1" : "CST (UTC-6)", "timeZone2" : "MT (UTC-07)", "dst" : "YES" },
  { "name" : "KENTUCKY", "abbreviation" : "KY", "_id" : "KY", "capital" : "Frankfort", "mostPopulousCity" : "Louisville", "population" : 4314113, "squareMiles" : 40411, "timeZone1" : "EST (UTC-5)", "timeZone2" : "CST (UTC-6)", "dst" : "YES" },
  { "name" : "LOUISIANA", "abbreviation" : "LA", "_id" : "LA", "capital" : "Baton Rouge", "mostPopulousCity" : "New Orleans", "population" : 4492076, "squareMiles" : 51843, "timeZone1" : "CST (UTC-6)", "timeZone2" : "", "dst" : "YES" },
  { "name" : "MAINE", "abbreviation" : "ME", "_id" : "ME", "capital" : "Augusta", "mostPopulousCity" : "Portland", "population" : 1318301, "squareMiles" : 35387, "timeZone1" : "EST (UTC-5)", "timeZone2" : "", "dst" : "YES" },
  { "name" : "MARYLAND", "abbreviation" : "MD", "_id" : "MD", "capital" : "Annapolis", "mostPopulousCity" : "Baltimore", "population" : 5699478, "squareMiles" : 12407, "timeZone1" : "EST (UTC-5)", "timeZone2" : "", "dst" : "YES" },
  { "name" : "MASSACHUSETTS", "abbreviation" : "MA", "_id" : "MA", "capital" : "Boston", "mostPopulousCity" : "Boston", "population" : 6593587, "squareMiles" : 10555, "timeZone1" : "EST (UTC-5)", "timeZone2" : "", "dst" : "YES" },
  { "name" : "MICHIGAN", "abbreviation" : "MI", "_id" : "MI", "capital" : "Lansing", "mostPopulousCity" : "Detroit", "population" : 9969727, "squareMiles" : 96810, "timeZone1" : "EST (UTC-5)", "timeZone2" : "CST (UTC-6)", "dst" : "YES" },
  { "name" : "MINNESOTA", "abbreviation" : "MN", "_id" : "MN", "capital" : "Saint Paul", "mostPopulousCity" : "Minneapolis", "population" : 5266214, "squareMiles" : 86943, "timeZone1" : "CST (UTC-6)", "timeZone2" : "", "dst" : "YES" },
  { "name" : "MISSISSIPPI", "abbreviation" : "MS", "_id" : "MS", "capital" : "Jackson", "mostPopulousCity" : "Jackson", "population" : 2951996, "squareMiles" : 48434, "timeZone1" : "CST (UTC-6)", "timeZone2" : "", "dst" : "YES" },
  { "name" : "MISSOURI", "abbreviation" : "MO", "_id" : "MO", "capital" : "Jefferson City", "mostPopulousCity" : "Kansas City", "population" : 5987580, "squareMiles" : 69709, "timeZone1" : "CST (UTC-6)", "timeZone2" : "", "dst" : "YES" },
  { "name" : "MONTANA", "abbreviation" : "MT", "_id" : "MT", "capital" : "Helena", "mostPopulousCity" : "Billings", "population" : 974989, "squareMiles" : 147046, "timeZone1" : "MT (UTC-07)", "timeZone2" : "", "dst" : "YES" },
  { "name" : "NEBRASKA", "abbreviation" : "NE", "_id" : "NE", "capital" : "Lincoln", "mostPopulousCity" : "Omaha", "population" : 1796619, "squareMiles" : 77358, "timeZone1" : "CST (UTC-6)", "timeZone2" : "MT (UTC-07)", "dst" : "YES" },
  { "name" : "NEVADA", "abbreviation" : "NV", "_id" : "NV", "capital" : "Carson City", "mostPopulousCity" : "Las Vegas", "population" : 2643085, "squareMiles" : 110567, "timeZone1" : "PT (UTC-8)", "timeZone2" : "MT (UTC-07)", "dst" : "YES" },
  { "name" : "NEW HAMPSHIRE", "abbreviation" : "NH", "_id" : "NH", "capital" : "Concord", "mostPopulousCity" : "Machester", "population" : 1324575, "squareMiles" : 9351, "timeZone1" : "EST (UTC-5)", "timeZone2" : "", "dst" : "YES" },
  { "name" : "NEW JERSEY", "abbreviation" : "NJ", "_id" : "NJ", "capital" : "Trenton", "mostPopulousCity" : "Newark", "population" : 8707739, "squareMiles" : 8722, "timeZone1" : "EST (UTC-5)", "timeZone2" : "", "dst" : "YES" },
  { "name" : "NEW MEXICO", "abbreviation" : "NM", "_id" : "NM", "capital" : "Santa Fe", "mostPopulousCity" : "Albuquerque", "population" : 2009671, "squareMiles" : 121593, "timeZone1" : "MT (UTC-07)", "timeZone2" : "", "dst" : "YES" },
  { "name" : "NEW YORK", "abbreviation" : "NY", "_id" : "NY", "capital" : "Albany", "mostPopulousCity" : "New York", "population" : 19541453, "squareMiles" : 54475, "timeZone1" : "EST (UTC-5)", "timeZone2" : "", "dst" : "YES" },
  { "name" : "NORTH CAROLINA", "abbreviation" : "NC", "_id" : "NC", "capital" : "Raleigh", "mostPopulousCity" : "Charlotte", "population" : 9380884, "squareMiles" : 53821, "timeZone1" : "EST (UTC-5)", "timeZone2" : "", "dst" : "YES" },
  { "name" : "NORTH DAKOTA", "abbreviation" : "ND", "_id" : "ND", "capital" : "Bismarck", "mostPopulousCity" : "Fargo", "population" : 646844, "squareMiles" : 70704, "timeZone1" : "CST (UTC-6)", "timeZone2" : "MT (UTC-07)", "dst" : "YES" },
  { "name" : "OHIO", "abbreviation" : "OH", "_id" : "OH", "capital" : "Columbus", "mostPopulousCity" : "Columbus", "population" : 11542645, "squareMiles" : 44828, "timeZone1" : "EST (UTC-5)", "timeZone2" : "", "dst" : "YES" },
  { "name" : "OKLAHOMA", "abbreviation" : "OK", "_id" : "OK", "capital" : "Oklahoma City", "mostPopulousCity" : "Oklahoma City", "population" : 3687050, "squareMiles" : 69903, "timeZone1" : "CST (UTC-6)", "timeZone2" : "", "dst" : "YES" },
  { "name" : "OREGON", "abbreviation" : "OR", "_id" : "OR", "capital" : "Salem", "mostPopulousCity" : "Portland", "population" : 3825657, "squareMiles" : 98386, "timeZone1" : "PT (UTC-8)", "timeZone2" : "MT (UTC-07)", "dst" : "YES" },
  { "name" : "PENNSYLVANIA", "abbreviation" : "PA", "_id" : "PA", "capital" : "Harrisburg", "mostPopulousCity" : "Philadelphia", "population" : 12604767, "squareMiles" : 46058, "timeZone1" : "EST (UTC-5)", "timeZone2" : "", "dst" : "YES" },
  { "name" : "RHODE ISLAND", "abbreviation" : "RI", "_id" : "RI", "capital" : "Providence", "mostPopulousCity" : "Providence", "population" : 1053209, "squareMiles" : 1545, "timeZone1" : "EST (UTC-5)", "timeZone2" : "", "dst" : "YES" },
  { "name" : "SOUTH CAROLINA", "abbreviation" : "SC", "_id" : "SC", "capital" : "Columbia", "mostPopulousCity" : "Columbia", "population" : 4561242, "squareMiles" : 32007, "timeZone1" : "EST (UTC-5)", "timeZone2" : "", "dst" : "YES" },
  { "name" : "SOUTH DAKOTA", "abbreviation" : "SD", "_id" : "SD", "capital" : "Pierre", "mostPopulousCity" : "Sioux Falls", "population" : 812383, "squareMiles" : 77121, "timeZone1" : "CST (UTC-6)", "timeZone2" : "MT (UTC-07)", "dst" : "YES" },
  { "name" : "TENNESSEE", "abbreviation" : "TN", "_id" : "TN", "capital" : "Nashville", "mostPopulousCity" : "Memphis", "population" : 6296254, "squareMiles" : 42146, "timeZone1" : "CST (UTC-6)", "timeZone2" : "EST (UTC-5)", "dst" : "YES" },
  { "name" : "TEXAS", "abbreviation" : "TX", "_id" : "TX", "capital" : "Austin", "mostPopulousCity" : "Houston", "population" : 24782302, "squareMiles" : 268601, "timeZone1" : "CST (UTC-6)", "timeZone2" : "MT (UTC-07)", "dst" : "YES" },
  { "name" : "UTAH", "abbreviation" : "UT", "_id" : "UT", "capital" : "Salt Lake City", "mostPopulousCity" : "Salt Lake City", "population" : 2784572, "squareMiles" : 84904, "timeZone1" : "MT (UTC-07)", "timeZone2" : "", "dst" : "YES" },
  { "name" : "VERMONT", "abbreviation" : "VT", "_id" : "VT", "capital" : "Montpelier", "mostPopulousCity" : "Burlington", "population" : 621760, "squareMiles" : 9615, "timeZone1" : "EST (UTC-5)", "timeZone2" : "", "dst" : "YES" },
  { "name" : "VIRGINIA", "abbreviation" : "VA", "_id" : "VA", "capital" : "Richmond", "mostPopulousCity" : "Virginia Beach", "population" : 7882590, "squareMiles" : 42769, "timeZone1" : "EST (UTC-5)", "timeZone2" : "", "dst" : "YES" },
  { "name" : "WASHINGTON", "abbreviation" : "WA", "_id" : "WA", "capital" : "Olympia", "mostPopulousCity" : "Seattle", "population" : 6664195, "squareMiles" : 71303, "timeZone1" : "PT (UTC-8)", "timeZone2" : "", "dst" : "YES" },
  { "name" : "WEST VIRGINIA", "abbreviation" : "WV", "_id" : "WV", "capital" : "Charleston", "mostPopulousCity" : "Charleston", "population" : 1819777, "squareMiles" : 24231, "timeZone1" : "EST (UTC-5)", "timeZone2" : "", "dst" : "YES" },
  { "name" : "WISCONSIN", "abbreviation" : "WI", "_id" : "WI", "capital" : "Madison", "mostPopulousCity" : "Milwaukee", "population" : 5654774, "squareMiles" : 65503, "timeZone1" : "CST (UTC-6)", "timeZone2" : "", "dst" : "YES" },
  { "name" : "WYOMING", "abbreviation" : "WY", "_id" : "WY", "capital" : "Cheyenne", "mostPopulousCity" : "Cheyenne", "population" : 544270, "squareMiles" : 97818, "timeZone1" : "MT (UTC-07)", "timeZone2" : "", "dst" : "YES" }
]
