[{
	"supplierID": "1",
	"city": "London",
	"companyName": "Exotic Liquids",
	"phone": "NULL, NULL",
	"postalCode": "UK",
	"contactName": "Charlotte Cooper",
	"fax": null,
	"address": "49 Gilbert St.",
	"contactTitle": "Purchasing Manager",
	"homePage": null,
	"country": "(171) 555-2222",
	"region": "NULL, 'EC1 4SD"
},
{
	"postalCode": "70117",
	"companyName": "New Orleans Cajun Delights",
	"phone": "(100) 555-4822",
	"city": "New Orleans",
	"supplierID": "2",
	"country": "USA",
	"homePage": null,
	"region": "LA",
	"contactTitle": "Order Administrator",
	"address": "P.O. Box 78934",
	"fax": "NULL, '#CAJUN.HTM#",
	"contactName": "Shelley Burke"
},
{
	"contactTitle": "Sales Representative",
	"fax": "(313) 555-3349",
	"address": "707 Oxford Rd.",
	"contactName": "Regina Murphy",
	"homePage": null,
	"country": "USA",
	"region": "MI",
	"city": "Ann Arbor",
	"supplierID": "3",
	"postalCode": "48104",
	"phone": "(313) 555-5735",
	"companyName": "Grandma Kelly's Homestead"
},
{
	"city": "Tokyo",
	"supplierID": "4",
	"postalCode": "Japan",
	"companyName": "Tokyo Traders",
	"phone": "NULL, NULL",
	"contactTitle": "Marketing Manager",
	"fax": null,
	"contactName": "Yoshi Nagase",
	"address": "9-8 Sekimai Musashino-shi",
	"homePage": null,
	"country": "(03) 3555-5011",
	"region": "NULL, '100"
},
{
	"city": "Oviedo",
	"supplierID": "5",
	"postalCode": "33007",
	"phone": "(98) 598 76 54",
	"companyName": "Cooperativa de Quesos 'Las Cabras'",
	"contactTitle": "Export Administrator",
	"fax": "NULL, NULL",
	"address": "Calle del Rosal 4",
	"contactName": "Antonio del Valle Saavedra",
	"region": "Asturias",
	"homePage": null,
	"country": "Spain"
},
{
	"city": "Osaka",
	"supplierID": "6",
	"postalCode": "Japan",
	"companyName": "Mayumi's",
	"phone": "NULL, 'Mayumi's (on the World Wide Web)#http://www.microsoft.com/accessdev/sampleapps/mayumi.htm#",
	"contactTitle": "Marketing Representative",
	"fax": null,
	"address": "92 Setsuko Chuo-ku",
	"contactName": "Mayumi Ohno",
	"region": "NULL, '545",
	"country": "(06) 431-7877",
	"homePage": null
},
{
	"phone": "(03) 444-2343",
	"companyName": "Pavlova, Ltd.",
	"postalCode": "3058",
	"supplierID": "7",
	"city": "Melbourne",
	"country": "Australia",
	"homePage": null,
	"region": "Victoria",
	"fax": "(03) 444-6588",
	"contactName": "Ian Devling",
	"address": "74 Rose St. Moonie Ponds",
	"contactTitle": "Marketing Manager"
},
{
	"fax": null,
	"contactName": "Peter Wilson",
	"address": "29 King's Way",
	"contactTitle": "Sales Representative",
	"homePage": null,
	"country": "(161) 555-4448",
	"region": "NULL, 'M14 GSD",
	"supplierID": "8",
	"city": "Manchester",
	"companyName": "Specialty Biscuits, Ltd.",
	"phone": "NULL, NULL",
	"postalCode": "UK"
},
{
	"companyName": "PB Knäckebröd AB",
	"phone": "031-987 65 91",
	"postalCode": "Sweden",
	"supplierID": "9",
	"city": "Göteborg",
	"region": "NULL, 'S-345 67",
	"country": "031-987 65 43",
	"homePage": null,
	"fax": null,
	"contactName": "Lars Peterson",
	"address": "Kaloadagatan 13",
	"contactTitle": "Sales Agent"
},
{
	"homePage": null,
	"country": "(11) 555 4640",
	"region": "NULL, '5442",
	"fax": null,
	"address": "Av. das Americanas 12.890",
	"contactName": "Carlos Diaz",
	"contactTitle": "Marketing Manager",
	"phone": "NULL, NULL",
	"companyName": "Refrescos Americanas LTDA",
	"postalCode": "Brazil",
	"supplierID": "10",
	"city": "Sao Paulo"
},
{
	"postalCode": "Germany",
	"companyName": "Heli Süßwaren GmbH & Co. KG",
	"phone": "NULL, NULL",
	"city": "Berlin",
	"supplierID": "11",
	"region": "NULL, '10785",
	"country": "(010) 9984510",
	"homePage": null,
	"contactTitle": "Sales Manager",
	"contactName": "Petra Winkler",
	"fax": null,
	"address": "Tiergartenstraße 5"
},
{
	"city": "Frankfurt",
	"supplierID": "12",
	"postalCode": "Germany",
	"phone": "NULL, 'Plutzer (on the World Wide Web)#http://www.microsoft.com/accessdev/sampleapps/plutzer.htm#",
	"companyName": "Plutzer Lebensmittelgroßmärkte AG",
	"contactTitle": "International Marketing Mgr.",
	"address": "Bogenallee 51",
	"fax": null,
	"contactName": "Martin Bein",
	"country": "(069) 992755",
	"homePage": null,
	"region": "NULL, '60439"
},
{
	"supplierID": "13",
	"city": "Cuxhaven",
	"companyName": "Nord-Ost-Fisch Handelsgesellschaft mbH",
	"phone": "(04721) 8714",
	"postalCode": "Germany",
	"fax": null,
	"address": "Frahmredder 112a",
	"contactName": "Sven Petersen",
	"contactTitle": "Coordinator Foreign Markets",
	"homePage": null,
	"country": "(04721) 8713",
	"region": "NULL, '27478"
},
{
	"contactTitle": "Sales Representative",
	"fax": "#FORMAGGI.HTM#",
	"address": "Viale Dante, 75",
	"contactName": "Elio Rossi",
	"country": "(0544) 60323",
	"homePage": null,
	"region": "NULL, '48100",
	"city": "Ravenna",
	"supplierID": "14",
	"postalCode": "Italy",
	"companyName": "Formaggi Fortini s.r.l.",
	"phone": "(0544) 60603"
},
{
	"city": "Sandvika",
	"supplierID": "15",
	"postalCode": "Norway",
	"phone": "NULL, NULL",
	"companyName": "Norske Meierier",
	"contactTitle": "Marketing Manager",
	"contactName": "Beate Vileid",
	"fax": null,
	"address": "Hatlevegen 5",
	"homePage": null,
	"country": "(0)2-953010",
	"region": "NULL, '1320"
},
{
	"fax": "NULL, NULL",
	"contactName": "Cheryl Saylor",
	"address": "3400 - 8th Avenue Suite 210",
	"contactTitle": "Regional Account Rep.",
	"homePage": null,
	"country": "USA",
	"region": "OR",
	"supplierID": "16",
	"city": "Bend",
	"companyName": "Bigfoot Breweries",
	"phone": "(503) 555-9931",
	"postalCode": "97101"
},
{
	"region": "NULL, 'S-123 45",
	"homePage": null,
	"country": "08-123 45 67",
	"fax": null,
	"contactName": "Michael Björn",
	"address": "Brovallavägen 231",
	"contactTitle": "Sales Representative",
	"companyName": "Svensk Sjöföda AB",
	"phone": "NULL, NULL",
	"postalCode": "Sweden",
	"supplierID": "17",
	"city": "Stockholm"
},
{
	"city": "Rue des Francs-Bourgeois",
	"supplierID": "18",
	"postalCode": "NULL, '75004",
	"companyName": "Aux joyeux ecclésiastiques",
	"phone": "(1) 03.83.00.68",
	"contactTitle": "Sales Manager",
	"fax": "(1) 03.83.00.62",
	"contactName": "Guylène Nodier",
	"address": "203",
	"region": "Paris",
	"homePage": null,
	"country": "France"
},
{
	"region": "MA",
	"homePage": null,
	"country": "USA",
	"contactName": "Robb Merchant",
	"fax": "(617) 555-3389",
	"address": "Order Processing Dept. 2100 Paul Revere Blvd.",
	"contactTitle": "Wholesale Account Agent",
	"phone": "(617) 555-3267",
	"companyName": "New England Seafood Cannery",
	"postalCode": "02134",
	"supplierID": "19",
	"city": "Boston"
},
{
	"city": "Singapore",
	"supplierID": "20",
	"postalCode": "Singapore",
	"phone": "NULL, NULL",
	"companyName": "Leka Trading",
	"contactTitle": "Owner",
	"address": "471 Serangoon Loop, Suite #402",
	"fax": null,
	"contactName": "Chandra Leka",
	"country": "555-8787",
	"homePage": null,
	"region": "NULL, '0512"
},
{
	"fax": null,
	"address": "Lyngbysild Fiskebakken 10",
	"contactName": "Niels Petersen",
	"contactTitle": "Sales Manager",
	"region": "NULL, '2800",
	"homePage": null,
	"country": "43844108",
	"supplierID": "21",
	"city": "Lyngby",
	"companyName": "Lyngbysild",
	"phone": "43844115",
	"postalCode": "Denmark"
},
{
	"region": "NULL, '9999 ZZ",
	"homePage": null,
	"country": "(12345) 1212",
	"contactName": "Dirk Luchte",
	"fax": null,
	"address": "Verkoop Rijnweg 22",
	"contactTitle": "Accounting Manager",
	"phone": "(12345) 1210",
	"companyName": "Zaanse Snoepfabriek",
	"postalCode": "Netherlands",
	"supplierID": "22",
	"city": "Zaandam"
},
{
	"postalCode": "Finland",
	"phone": "NULL, NULL",
	"companyName": "Karkki Oy",
	"city": "Lappeenranta",
	"supplierID": "23",
	"region": "NULL, '53120",
	"country": "(953) 10956",
	"homePage": null,
	"contactTitle": "Product Manager",
	"address": "Valtakatu 12",
	"fax": null,
	"contactName": "Anne Heikkonen"
},
{
	"region": "NSW",
	"homePage": "G'day Mate (on the World Wide Web)#http://www.microsoft.com/accessdev/sampleapps/gdaymate.htm#",
	"country": "Australia",
	"fax": "(02) 555-4873",
	"contactName": "Wendy Mackenzie",
	"address": "170 Prince Edward Parade Hunter's Hill",
	"contactTitle": "Sales Representative",
	"companyName": "G'day, Mate",
	"phone": "(02) 555-5914",
	"postalCode": "2042",
	"supplierID": "24",
	"city": "Sydney"
},
{
	"region": "Québec",
	"homePage": null,
	"country": "Canada",
	"contactTitle": "Marketing Manager",
	"contactName": "Jean-Guy Lauzon",
	"fax": "NULL, NULL",
	"address": "2960 Rue St. Laurent",
	"postalCode": "H1J 1C3",
	"phone": "(514) 555-9022",
	"companyName": "Ma Maison",
	"city": "Montréal",
	"supplierID": "25"
},
{
	"region": "NULL, '84100",
	"homePage": null,
	"country": "(089) 6547665",
	"contactName": "Giovanni Giudici",
	"fax": null,
	"address": "Via dei Gelsomini, 153",
	"contactTitle": "Order Administrator",
	"companyName": "Pasta Buttini s.r.l.",
	"phone": "(089) 6547667",
	"postalCode": "Italy",
	"supplierID": "26",
	"city": "Salerno"
},
{
	"region": "Montceau",
	"country": "France",
	"homePage": null,
	"contactTitle": "Sales Manager",
	"fax": "NULL, NULL",
	"contactName": "Marie Delamare",
	"address": "22",
	"postalCode": "NULL, '71300",
	"phone": "85.57.00.07",
	"companyName": "Escargots Nouveaux",
	"city": "rue H. Voiron",
	"supplierID": "27"
},
{
	"companyName": "Gai pâturage",
	"phone": "38.76.98.06",
	"postalCode": "NULL, '74000",
	"supplierID": "28",
	"city": "rue des Alpes",
	"region": "Annecy",
	"homePage": null,
	"country": "France",
	"fax": "38.76.98.58",
	"address": "Bat. B 3",
	"contactName": "Eliane Noz",
	"contactTitle": "Sales Representative"
},
{
	"region": "Québec",
	"homePage": null,
	"country": "Canada",
	"contactTitle": "Accounting Manager",
	"contactName": "Chantal Goulet",
	"fax": "(514) 555-2921",
	"address": "148 rue Chasseur",
	"postalCode": "J2S 7S8",
	"companyName": "Forêts d'érables",
	"phone": "(514) 555-2955",
	"city": "Ste-Hyacinthe",
	"supplierID": "29"
}]